epoch,loss,accuracy,val_loss,val_accuracy
0,1.9304040670394897,0.3125,1.0986123085021973,0.3333333432674408
1,1.0986121892929077,0.3333333432674408,1.0986123085021973,0.3333333432674408
2,1.0986121892929077,0.3333333432674408,1.0986123085021973,0.3333333432674408
3,1.0986121892929077,0.3333333432674408,1.0986123085021973,0.3333333432674408
