epoch,loss,accuracy,val_loss,val_accuracy
0,4.559837341308594,0.2916666567325592,1.0986123085021973,0.3333333432674408
1,1.0986123085021973,0.3333333432674408,1.0986123085021973,0.3333333432674408
2,1.0986123085021973,0.3333333432674408,1.0986123085021973,0.3333333432674408
3,1.0986123085021973,0.3333333432674408,1.0986123085021973,0.3333333432674408
