epoch,loss,accuracy,val_loss,val_accuracy
0,0.8639706373214722,0.5325000286102295,2.4662837982177734,0.34166666865348816
1,0.28060758113861084,0.8945833444595337,2.4327099323272705,0.3916666805744171
2,0.11738129705190659,0.9570833444595337,1.7351291179656982,0.43833333253860474
3,0.05122476443648338,0.98458331823349,4.5470805168151855,0.4816666543483734
4,0.05475043132901192,0.9825000166893005,4.051832675933838,0.5316666960716248
5,0.014534633606672287,0.9945833086967468,2.0596566200256348,0.6433333158493042
